epoch,step,min,max,mean,std
1,10000,-0.0017541323322802782,0.0017541077686473727,-4.3655745685100555e-10,0.0002658724260982126
