epoch,step,min,max,mean,std
1,10000,-3.28490159517969e-06,2.5069126422749832e-05,1.8369296412856784e-06,4.891463049716549e-06
