epoch,step,min,max,mean,std
1,10000,-5.110327037982643e-06,1.0261017450829968e-05,1.7139829822099273e-07,1.4353835240399349e-06
