epoch,step,min,max,mean,std
1,10000,-0.0008002242539077997,0.000800213310867548,-5.471520125865936e-09,0.0008002187823876739
