epoch,step,min,max,mean,std
1,10000,-8.882074666871631e-07,2.6660296498448588e-05,2.1587868559436174e-07,1.221138859364146e-06
