epoch,step,min,max,mean,std
1,10000,-6.651522426182055e-07,3.611151987570338e-05,1.017525164570543e-06,4.277507287042681e-06
